-- phpMyAdmin SQL Dump
-- version 5.0.2
-- https://www.phpmyadmin.net/
--
-- Host: 127.0.0.1
-- Czas generowania: 19 Maj 2022, 11:49
-- Wersja serwera: 10.4.14-MariaDB
-- Wersja PHP: 7.4.10

SET SQL_MODE = "NO_AUTO_VALUE_ON_ZERO";
START TRANSACTION;
SET time_zone = "+00:00";


/*!40101 SET @OLD_CHARACTER_SET_CLIENT=@@CHARACTER_SET_CLIENT */;
/*!40101 SET @OLD_CHARACTER_SET_RESULTS=@@CHARACTER_SET_RESULTS */;
/*!40101 SET @OLD_COLLATION_CONNECTION=@@COLLATION_CONNECTION */;
/*!40101 SET NAMES utf8mb4 */;

--
-- Baza danych: `translatorpanelangular`
--

-- --------------------------------------------------------

--
-- Struktura tabeli dla tabeli `languages`
--

CREATE TABLE `languages` (
  `id` varchar(3) NOT NULL,
  `language` varchar(50) NOT NULL
) ENGINE=InnoDB DEFAULT CHARSET=utf8;

--
-- Zrzut danych tabeli `languages`
--

INSERT INTO `languages` (`id`, `language`) VALUES
('AT', 'Austrian'),
('DE', 'German'),
('EE', 'Estonian'),
('EN', 'English'),
('ES', 'Spanish'),
('FI', 'Finnish'),
('FR', 'French'),
('PL', 'Polish'),
('PT', 'Portuguese'),
('RU', 'Russian'),
('SE', 'Swedish');

-- --------------------------------------------------------

--
-- Struktura tabeli dla tabeli `strings`
--

CREATE TABLE `strings` (
  `stringKey` varchar(255) NOT NULL,
  `stringContent` text DEFAULT NULL,
  `additionalContext` text DEFAULT NULL
) ENGINE=InnoDB DEFAULT CHARSET=utf8;

--
-- Zrzut danych tabeli `strings`
--

INSERT INTO `strings` (`stringKey`, `stringContent`, `additionalContext`) VALUES
('artist.details', 'Details:', NULL),
('artist.evidence', 'Evidence', NULL),
('artist.link1', 'Artist Link', NULL),
('artist.link2', 'Artist Link 2', NULL),
('artist.pemissions.allowed.level1', 'This artist, or their representative, has mostly declined users to create, upload, and play custom levels with their tracks at the Steam Workshop, with some exceptions. The artist might have additional policies. As they set their terms very specifically, be sure to check their terms carefully.', NULL),
('artist.permissions.declined', 'This artist, or their representative, has declined users to create, upload, and play custom levels with their tracks at the Steam Workshop.', NULL),
('artist.permissions.partial', 'Currently no songs are allowed, with caveats. Check details.', NULL),
('artist.permissions.pending.manyDaysAgo', 'This artist has been contacted already by a user [daysSinceRequest] days ago, with no response yet. Please do not attempt to contact them again until [maxDaysWait] days has passed with no response.', NULL),
('artist.permissions.pending.oneDayAgo', 'This artist has been contacted already by a user a day ago, with no response yet. Please do not attempt to contact them again until [maxDaysWait] days has passed with no response.', NULL),
('artist.permissions.songsTitle', 'Songs allowed:', NULL),
('artistState.allowed', 'Allowed', NULL),
('artistState.declined', 'Declined', NULL),
('artistState.mostlyAllowed', 'Mostly Allowed', NULL),
('artistState.partial', 'Mostly Declined', NULL),
('artistState.pending', 'Pending', NULL),
('general.language', 'Language', NULL),
('general.myLanguage', 'English', 'Write your language name in your language eg. Polska, Deutsch, 日本'),
('general.switchTo', 'Switch to [game]', NULL),
('home.createRequest', 'Create request for artist [keyword]', NULL),
('home.description', 'On this website you can check which artists have approved or disapproved for their songs to be used on [game] custom levels. Search for an artist and \r\nfind out their specific terms.', NULL),
('home.instructions.manyResults', '[number] matching artists found. Click them to see the details.', NULL),
('home.instructions.noResults', 'No matching artist found! Click the button below if you wish to send a request to the artist.', NULL),
('home.instructions.oneResult', '1 matching artist found. Click it to see the details.', NULL),
('home.instructions.start', 'Type an artist name.', NULL),
('home.search.placeholder', 'Search for artist', NULL),
('home.title', 'Verified artists’ list', NULL),
('home.uploadResponse', 'I have a response I want to upload from [keyword]', NULL),
('request.artist', 'Artist name:', NULL),
('request.back', 'Back to home', NULL),
('request.contacted', 'I have contacted [artist]', NULL),
('request.copied', 'COPIED!', NULL),
('request.copy', 'Copy message', NULL),
('request.description', 'You can use this autogenerated template to send a request to the artist using the medium you want. After you’ve sent the request, click the “I sent the request” button. That generates a temporary pending artist entry so other users know that a request is already on the way.', NULL),
('request.done', 'Done! This artist is now marked as Pending. Once you get a response from the artist, search for the artist again on the main page and select the \"Upload\" option to update the artist status.', NULL),
('request.extraRequestCheckbox', 'Request permission for mixing and trimming songs. Useful when making tutorials.', NULL),
('request.instructions.contacted', 'If you have sent the request to the artist, please click this button so we can mark the artist as “Pending”.', NULL),
('request.instructions.thanks', 'Thanks for the effort! Don’t forget to come back to this website when you get contacted back.', NULL),
('request.myName', 'My name:', NULL),
('request.myNamePlaceholder', 'Type your name here', NULL),
('request.notice.a', 'Please note!', NULL),
('request.notice.b', '1. Before proceed, please read our <a href=\"[guideURL]\" target=\"_blank\">Artist Permission Guide</a>. ', NULL),
('request.notice.c', '2. Be 100% sure that the artist’s content does not go against our <a href=\"[ugcURL]\" target=\"_blank\">UGC Standards</a>', NULL),
('request.notice.d', '3. If you get a reply from the artist, <b>either in approval or disapproval</b>, please search for the artist again on the main page and upload a screenshot of the response. Thanks!', NULL),
('request.notice.e', 'Be respectful of artists and only wait for a response for a month at least before sending a new email.', NULL),
('request.templateLanguage', 'Template language:', NULL),
('request.title', 'Artist Request', NULL),
('upload.allowed', 'All songs have been explicitly approved by the artist. (100%)', NULL),
('upload.approvalLevel', 'Approval Level:', NULL),
('upload.artist', 'Artist name:', NULL),
('upload.artistLink.label', 'Artist Link:', NULL),
('upload.artistLink2.label', 'Artist Link 2:', NULL),
('upload.artistLinks', 'Add artist links to their social media (optional):', NULL),
('upload.declined', 'The artist has explicitly declined to allow any of their tracks on the game. (0%)', NULL),
('upload.description', 'Here you can upload the response of the artist. Please upload the artist response regardless if they allow, allow partially, or not allow any their \r\nsongs to be used. That way other users know the artist’ stance and they are not further contacted.', NULL),
('upload.email.label', 'Your email:', NULL),
('upload.evidence.label', 'Screenshot of evidence:', NULL),
('upload.evidence.placeholder', 'Upload file...', NULL),
('upload.instructions', 'You may be contacted in case we need further details. By the way, you can go ahead and upload your level using the screenshot as proof; you don’t need to wait for the artist to be added to this website. Thanks for contacting the artist!', NULL),
('upload.maxSize', 'File maximum size: [size]MB', NULL),
('upload.missingRequirements', 'Please fill all the required fields.', NULL),
('upload.mostlyAllowed.a', 'The artist has either:', NULL),
('upload.mostlyAllowed.b', '- Allowed most of the tracks with some exceptions. (>= 50%)', NULL),
('upload.mostlyAllowed.c', '- Set additional policies that is easy to follow. (Policies that are automatically met when you follow the guidelines, etc.)', NULL),
('upload.notes.label', 'Details the artist has shared about the song permissions:*', NULL),
('upload.notes.placeholder', 'Here the details should be specified', NULL),
('upload.partial.a', 'The artist has either:', NULL),
('upload.partial.b', '- Declined most of the tracks with some exceptions. (< 50%)', NULL),
('upload.partial.c', '- Sets additional policies that require significant consideration. (Declined the song modification, need to contact the artist individually before use, etc.)', NULL),
('upload.submit', 'Submit', NULL),
('upload.thankYou', 'Thanks for the effort! We\'ll review your submission.', NULL),
('upload.title', 'Upload Artist Response', NULL);

-- --------------------------------------------------------

--
-- Struktura tabeli dla tabeli `translations`
--

CREATE TABLE `translations` (
  `stringKey` varchar(255) DEFAULT NULL,
  `languageid` varchar(3) DEFAULT NULL,
  `userid` int(11) DEFAULT NULL,
  `translation` text DEFAULT NULL,
  `translationTime` timestamp NULL DEFAULT current_timestamp(),
  `proofed` tinyint(1) DEFAULT 0
) ENGINE=InnoDB DEFAULT CHARSET=utf8;

--
-- Zrzut danych tabeli `translations`
--

INSERT INTO `translations` (`stringKey`, `languageid`, `userid`, `translation`, `translationTime`, `proofed`) VALUES
('general.myLanguage', 'PL', 1, 'Polski', '2021-12-08 15:51:48', 0),
('general.language', 'PL', 1, 'Język', '2021-12-08 15:51:48', 0),
('general.switchTo', 'PL', 1, 'Zmień na [game]', '2021-12-08 15:51:48', 0),
('home.title', 'PL', 1, 'Lista zweryfikowanych twórców', '2021-12-08 15:51:48', 0),
('home.search.placeholder', 'PL', 1, 'Szukaj artysty', '2021-12-08 15:51:48', 0),
('home.instructions.start', 'PL', 1, 'Wpisz nazwę artysty', '2021-12-08 15:51:48', 0),
('home.instructions.noResults', 'PL', 1, 'Nie znaleziono pasującego artysty! Kliknij przycisk poniżej, jeśli chcesz wysłać prośbę do artysty.', '2021-12-08 15:51:48', 0),
('home.instructions.oneResult', 'PL', 1, 'Znaleziono jednego pasującego artystę. Kliknij, aby zobaczyć szczegóły.', '2021-12-08 15:51:48', 1),
('home.instructions.manyResults', 'PL', 1, 'Znaleziono [number] pasujących artystów. Kliknij na nich, aby zobaczyć szczegóły.', '2021-12-08 15:51:48', 0),
('home.createRequest', 'PL', 1, 'Stwórz prośbę do artysty [keyword]', '2021-12-08 15:51:48', 0),
('home.uploadResponse', 'PL', 1, 'Mam odpowiedź od [keyword] i chcę ją przesłać', '2021-12-08 15:51:48', 0),
('artist.permissions.songsTitle', 'PL', 1, 'Dozwolona muzyka:', '2021-12-08 15:51:48', 0),
('artist.permissions.declined', 'PL', 2, 'Artysta lub jego przedstawiciel odmówił użytkownikom tworzenia, przesyłania i grania niestandardowych poziomów wykorzystujących jego utwory w Warsztacie Steam.', '2021-12-08 15:51:48', 0),
('artist.permissions.partial', 'PL', 1, 'Obecnie żadne utwory nie są dozwolone, z zastrzeżeniami. Sprawdź szczegóły.', '2021-12-08 15:51:48', 0),
('artist.pemissions.allowed.level1', 'PL', 1, 'Artysta lub jego przedstawiciel w większości odmówił użytkownikom tworzenia, przesyłania i grania niestandardowych poziomów wykorzystujących jego muzykę w Warsztacie Steam, z pewnymi wyjątkami. Artysta może mieć dodatkowe zasady. Określa on swoje warunki bardzo szczegółowo, pamiętaj, aby dokładnie \r\nje sprawdzić.', '2021-12-08 15:51:48', 0),
('artist.permissions.pending.oneDayAgo', 'PL', 1, 'Z tym artystą wczoraj kontaktował się użytkownik, aktualnie nie mamy jeszcze odpowiedzi. Nie próbuj się z nim kontaktować \r\nponownie przed upływem [maxDaysWait] dni i brakiem odpowiedzi. ', '2021-12-08 15:51:48', 0),
('artist.permissions.pending.manyDaysAgo', 'PL', 1, 'Z tym artystą kontaktował się już użytkownik [daysSinceRequesr] dni temu, aktualnie nie mamy jeszcze odpowiedzi. Nie próbuj się z nim kontaktować ponownie przed upływem [maxDaysWait] dni i brakiem odpowiedzi. ', '2021-12-08 15:51:48', 0),
('artist.evidence', 'PL', 1, 'Dowód:', '2021-12-08 15:51:48', 0),
('artist.link1', 'PL', 1, 'Link do artysty ', '2021-12-08 15:51:48', 0),
('artist.link2', 'PL', 1, 'Link do artysty 2', '2021-12-08 15:51:48', 0),
('upload.title', 'PL', 1, 'Prześlij odpowiedź artysty', '2021-12-08 15:51:48', 0),
('upload.description', 'PL', 1, 'Możesz tutaj przesłać odpowiedź artysty. Niezależnie od tego czy zezwala, częściowo zezwala lub nie zezwala na korzystanie z piosenek. Pomoże to innym użytkownikom dowiedzieć się o stanowisku twórcy i nie kontaktować się bezsensownie w przyszłości.', '2021-12-08 15:51:48', 0),
('upload.artist', 'PL', 1, 'Nazwa twórcy:', '2021-12-08 15:51:48', 0),
('upload.approvalLevel', 'PL', 1, 'Poziom do zatwierdzenia:', '2021-12-08 15:51:48', 0),
('upload.allowed', 'PL', 1, 'Wszystkie piosenki zostały wyraźnie zatwierdzone przez artystę. (100%)', '2021-12-08 15:51:48', 0),
('upload.mostlyAllowed.a', 'PL', 1, 'Artysta:', '2021-12-08 15:51:48', 0),
('upload.mostlyAllowed.b', 'PL', 1, '- Pozwala na wykorzystanie większości utworów, z kilkoma wyjątkami. (>=50%)', '2021-12-08 15:51:48', 0),
('upload.mostlyAllowed.c', 'PL', 1, '- Ustala dodatkowe zasady, które są łatwe do przestrzegania.', '2021-12-08 15:51:48', 0),
('upload.partial.a', 'PL', 1, 'Artysta:', '2021-12-08 15:51:48', 0),
('upload.partial.b', 'PL', 1, '- Odrzucił możliwość korzystania z większości utworów, z kilkoma wyjątkami. (<50%)', '2021-12-08 15:51:48', 0),
('upload.partial.c', 'PL', 1, '- Ustala dodatkowe zasady, które wymagają znacznej uwagi. (Odmówił modyfikacji utworu, przed użyciem należy skontaktować się z artystą indywidualnie itp.)', '2021-12-08 15:51:48', 0),
('upload.declined', 'PL', 1, 'Artysta wyraźnie odmówił umieszczenia w grze jakichkolwiek jego utworów. (0%)', '2021-12-08 15:51:48', 0),
('upload.evidence.label', 'PL', 1, 'Dowód w postaci zrzutu ekranu:', '2021-12-08 15:51:48', 0),
('upload.evidence.placeholder', 'PL', 1, 'Prześlij plik...', '2021-12-08 15:51:48', 0),
('upload.artistLinks', 'PL', 1, 'Dodaj link do mediów społecznościowych twórcy (opcjonalne)', '2021-12-08 15:51:48', 0),
('upload.artistLink.label', 'PL', 1, 'Link do artysty:', '2021-12-08 15:51:48', 0),
('upload.artistLink2.label', 'PL', 1, 'Link do artysty 2:', '2021-12-08 15:51:48', 0),
('upload.notes.label', 'PL', 1, 'Szczegóły, które artysta udostępnił na temat korzystania z utworów:', '2021-12-08 15:51:48', 0),
('upload.notes.placeholder', 'PL', 1, 'Tutaj szczegóły powinny zostać opisane', '2021-12-08 15:51:48', 0),
('upload.email.label', 'PL', 1, 'Twój email:', '2021-12-08 15:51:48', 0),
('upload.instructions', 'PL', 1, 'Możemy się z tobą skontaktować w przypadku potrzeby większej ilości informacji. Swoją drogą możesz przesłać swój poziom używając zrzutu ekranu jako dowodu, nie musisz czekać, aż artysta zostanie dodany na stronie. Dziękujemy za kontakt, z artystą!', '2021-12-08 15:51:48', 0),
('upload.submit', 'PL', 1, 'Prześlij', '2021-12-08 15:51:48', 0),
('upload.missingRequirements', 'PL', 1, 'Wypełnij wszystkie wymagane pola.', '2021-12-08 15:51:48', 0),
('upload.thankYou', 'PL', 1, 'Dziękujemy za wysiłek! Wkrótce sprawdzimy Twoje zgłoszenie.', '2021-12-08 15:51:48', 0),
('upload.maxSize', 'PL', 1, 'Maksymalny rozmiar pliku: [size]MB', '2021-12-08 15:51:48', 0),
('request.title', 'PL', 1, 'Prośba do artysty', '2021-12-08 15:51:48', 0),
('request.description', 'PL', 1, 'Możesz użyć tego automatycznie wygenerowanego szablonu, aby wysłać prośbę do artysty za pomocą wybranego medium. Po wysłaniu prośby kliknij przycisk „Wysłałem prośbę”. To generuje tymczasowy oczekujący wpis wykonawcy, dzięki czemu inni użytkownicy wiedzą, że prośba jest już w drodze.', '2021-12-08 15:51:48', 0),
('request.notice.a', 'PL', 1, 'Zapamiętaj!', '2021-12-08 15:51:48', 0),
('request.notice.b', 'PL', 1, '1. Zanim przejdziesz dalej, przeczytaj nasz <a href=\"[guideURL]\" target=\"_blank\">przewodnik o pozwoleniach od artysty</a>. ', '2021-12-08 15:51:48', 0),
('request.notice.c', 'PL', 1, '2. Upewnij się w 100%, że artysta do którego piszesz jest zgodny z <a href=\"[ugcURL]\" target=\"_blank\">Standardami UGC</a>', '2021-12-08 15:51:48', 0),
('request.notice.d', 'PL', 1, '3. Jeśli dostaniesz odpowiedź od artysty <b>niezależnie, czy jest ona pozytywna czy negatywna</b>, znajdź twórcę ponownie na głównej stronie i prześlij zrzut ekranu odpowiedzi. Dzięki!', '2021-12-08 15:51:48', 0),
('request.notice.e', 'PL', 1, 'Szanuj artystę i cierpliwie czekaj na odpowiedź przez co najmniej miesiąc, przed wysłaniem nowego maila. ', '2021-12-08 15:51:48', 0),
('request.artist', 'PL', 1, 'Nazwa artysty:', '2021-12-08 15:51:48', 0),
('request.myName', 'PL', 1, 'Moje imię:', '2021-12-08 15:51:48', 0),
('request.myNamePlaceholder', 'PL', 1, 'Wpisz swoje imię tutaj:', '2021-12-08 15:51:48', 0),
('request.templateLanguage', 'PL', 1, 'Język szablonu:', '2021-12-08 15:51:48', 0),
('request.copy', 'PL', 1, 'Kopiuj wiadomość', '2021-12-08 15:51:48', 0),
('request.copied', 'PL', 1, 'SKOPIOWANO!', '2021-12-08 15:51:48', 1),
('request.done', 'PL', 1, 'Gotowe! Ten twórca jest teraz oznaczony, jako oczekujący. W momencie gdy dostaniesz odpowiedź od artysty, znajdź go na głównej stronie i wybierz opcję \"Prześlij\", aby zaktualizować status artysty.', '2021-12-08 15:51:48', 0),
('request.instructions.contacted', 'PL', 1, 'Jeśli wysłałeś prośbę do artysty, kliknij ten przycisk, abyśmy mogli zaznaczyć go jako \"Oczekujące\".', '2021-12-08 15:51:48', 0),
('request.contacted', 'PL', 1, 'Skontaktowałem się z [artist]', '2021-12-08 15:51:48', 0),
('request.instructions.thanks', 'PL', 1, 'Dziękujemy za wysiłek! Nie zapomnij, powrócić tu, kiedy skontaktuje się on z tobą!', '2021-12-08 15:51:48', 0),
('request.back', 'PL', 1, 'Powrót do strony', '2021-12-08 15:51:48', 0),
('request.extraRequestCheckbox', 'PL', 1, 'Poproś o pozwolenie na mieszanie i przycinanie utworów. Jest to przydatne podczas robienia tutoriali.', '2021-12-08 15:51:48', 0),
('artistState.allowed', 'PL', 1, 'Dozwolone', '2021-12-08 15:51:48', 0),
('artistState.mostlyAllowed', 'PL', 1, 'W większości dozwolone', '2021-12-08 15:51:48', 0),
('artistState.partial', 'PL', 1, 'W większości odrzucone', '2021-12-08 15:51:48', 0),
('artistState.declined', 'PL', 1, 'Odrzucone', '2021-12-08 15:51:48', 0),
('artistState.pending', 'PL', 1, 'Oczekujące', '2021-12-08 15:51:48', 0),
('home.instructions.oneResult', 'PL', 2, 'Znaleziono 1 pasującego artystę. Kliknij, żeby zobaczyć szczegóły.', '2021-12-22 10:47:32', 0),
('artist.details', 'PL', 1, 'Szczegóły:', '2021-12-22 17:14:28', 1),
('artist.details', 'PL', 2, 'Szczegóły', '2021-12-23 13:27:49', 0),
('artist.details', 'PL', 3, 'Detale:', '2021-12-23 13:28:39', 0);

-- --------------------------------------------------------

--
-- Struktura tabeli dla tabeli `users`
--

CREATE TABLE `users` (
  `id` int(11) NOT NULL,
  `name` varchar(50) NOT NULL,
  `surname` varchar(50) NOT NULL,
  `username` varchar(50) NOT NULL,
  `password` text NOT NULL,
  `creationDate` timestamp NOT NULL DEFAULT current_timestamp(),
  `email` varchar(100) NOT NULL,
  `birthdate` date NOT NULL,
  `blocked` tinyint(1) NOT NULL,
  `role` varchar(30) NOT NULL,
  `languages` varchar(30) NOT NULL
) ENGINE=InnoDB DEFAULT CHARSET=utf8;

--
-- Zrzut danych tabeli `users`
--

INSERT INTO `users` (`id`, `name`, `surname`, `username`, `password`, `creationDate`, `email`, `birthdate`, `blocked`, `role`, `languages`) VALUES
(1, 'iThomash', 'Tomasz', 'Bachorski', '$2y$10$FWlhaDbjigUXLK6gCUEHw..ZvV/U.dAsW259wspIJxYAv1Db1lBVq', '2021-12-15 17:01:02', 'tomekbachorski@o2.pl', '2002-02-17', 0, 'Administrator', 'EN,PL,ES'),
(2, 'testowyJan', 'Jan', 'Kowalski', '$2y$10$wjWUMk54bBwGidFOUHdZH.UoORB4M5R1IpAnB9TJYuiq4DNuksvoK', '2021-12-17 18:06:50', 'testowyJan@gmail.com', '0000-00-00', 0, 'Proofreader', 'EN,DE,PL'),
(3, 'testowyJanusz', 'Janusz', 'Zwierz', '$2y$10$i0v7M4S8uE71dOPztzTB6OrRX9BroDz5kaXHbwUZXqRh6n/tM2Saa', '2021-12-23 12:15:22', 'testowyJanusz@vp.pl', '0000-00-00', 0, 'Translator', 'PL,EN,ES'),
(4, 'Harry Potter', 'Harry', 'Potter', '$2y$10$L.F2XcPpuiuI1bPVWcPg.uviRFBzPLjhsYKu9AmmxUCo1if.AmdHe', '2021-12-25 14:10:51', 'harry@hogwart.com', '0000-00-00', 0, 'Translator', 'EN,EE,FR');

--
-- Indeksy dla zrzutów tabel
--

--
-- Indeksy dla tabeli `languages`
--
ALTER TABLE `languages`
  ADD PRIMARY KEY (`id`);

--
-- Indeksy dla tabeli `strings`
--
ALTER TABLE `strings`
  ADD PRIMARY KEY (`stringKey`);

--
-- Indeksy dla tabeli `translations`
--
ALTER TABLE `translations`
  ADD KEY `stringKey` (`stringKey`,`languageid`,`userid`),
  ADD KEY `languageid` (`languageid`),
  ADD KEY `userid` (`userid`);

--
-- Indeksy dla tabeli `users`
--
ALTER TABLE `users`
  ADD PRIMARY KEY (`id`);

--
-- AUTO_INCREMENT for dumped tables
--

--
-- AUTO_INCREMENT dla tabeli `users`
--
ALTER TABLE `users`
  MODIFY `id` int(11) NOT NULL AUTO_INCREMENT, AUTO_INCREMENT=5;

--
-- Ograniczenia dla zrzutów tabel
--

--
-- Ograniczenia dla tabeli `translations`
--
ALTER TABLE `translations`
  ADD CONSTRAINT `translations_ibfk_1` FOREIGN KEY (`stringKey`) REFERENCES `strings` (`stringKey`),
  ADD CONSTRAINT `translations_ibfk_2` FOREIGN KEY (`languageid`) REFERENCES `languages` (`id`),
  ADD CONSTRAINT `translations_ibfk_3` FOREIGN KEY (`userid`) REFERENCES `users` (`id`);
COMMIT;

/*!40101 SET CHARACTER_SET_CLIENT=@OLD_CHARACTER_SET_CLIENT */;
/*!40101 SET CHARACTER_SET_RESULTS=@OLD_CHARACTER_SET_RESULTS */;
/*!40101 SET COLLATION_CONNECTION=@OLD_COLLATION_CONNECTION */;
